{
    "distCoeff":[
        [
            0.22694060104327138,
            0.7138410685070561,
            -0.002058710271797842,
            -0.000623234261738656,
            -14.857734541752743
        ]
    ],
    "instrinsicMatrix":[
        [
            1243.826137463861,
            0.0,
            654.1410364517225
        ],
        [
            0.0,
            1240.2963978391172,
            357.2951307518289
        ],
        [
            0.0,
            0.0,
            1.0
        ]
    ],
    "repError":0.04150905998022579,
    "rvecs":[
        [
            [
                0.23308663917756675
            ],
            [
                -0.13717606600667473
            ],
            [
                -1.5281294249294388
            ]
        ],
        [
            [
                0.021559185466518232
            ],
            [
                0.004820704999233103
            ],
            [
                -1.5530455113506214
            ]
        ],
        [
            [
                -0.006906877240365855
            ],
            [
                0.02851887219853271
            ],
            [
                -1.4969786945322714
            ]
        ],
        [
            [
                -0.11224600262255316
            ],
            [
                -0.036718444865045476
            ],
            [
                -1.5438672710707457
            ]
        ],
        [
            [
                -0.32887572046917013
            ],
            [
                0.20099232196170316
            ],
            [
                -1.4711291024719995
            ]
        ],
        [
            [
                -0.3427829250606577
            ],
            [
                0.25278436117878345
            ],
            [
                -1.4899117780659266
            ]
        ],
        [
            [
                0.05431961776611846
            ],
            [
                -0.1517575969274996
            ],
            [
                -1.5452158697432776
            ]
        ],
        [
            [
                0.08602327905423722
            ],
            [
                -0.07816277472993788
            ],
            [
                -1.5380948463822763
            ]
        ],
        [
            [
                -0.1916331946906763
            ],
            [
                -0.280586478673011
            ],
            [
                -1.540807707309482
            ]
        ],
        [
            [
                0.17595122004658295
            ],
            [
                0.1599193141426725
            ],
            [
                -1.5206183903605637
            ]
        ],
        [
            [
                0.47465076815891777
            ],
            [
                -0.504765706790336
            ],
            [
                -1.5152182853164007
            ]
        ]
    ],
    "tvecs":[
        [
            [
                -3.771819205676018
            ],
            [
                1.0583069395787321
            ],
            [
                29.076236337972066
            ]
        ],
        [
            [
                -1.0465126028087404
            ],
            [
                4.991293827790049
            ],
            [
                30.276901862681253
            ]
        ],
        [
            [
                -4.17578280208389
            ],
            [
                2.1514714165693465
            ],
            [
                27.225353907225745
            ]
        ],
        [
            [
                -3.0352751544347627
            ],
            [
                8.310599717619578
            ],
            [
                35.849952831718426
            ]
        ],
        [
            [
                -6.342767278232674
            ],
            [
                4.972993667965162
            ],
            [
                31.669708784155247
            ]
        ],
        [
            [
                -3.3399651913458457
            ],
            [
                5.078160252796551
            ],
            [
                31.986523561290475
            ]
        ],
        [
            [
                -5.549139569699927
            ],
            [
                -0.6911941431694266
            ],
            [
                29.08774899647236
            ]
        ],
        [
            [
                -4.220789854087319
            ],
            [
                3.7769105461840233
            ],
            [
                33.01726420436862
            ]
        ],
        [
            [
                -2.9424753027723134
            ],
            [
                4.432082170953985
            ],
            [
                24.107169314212832
            ]
        ],
        [
            [
                -2.0743108614921346
            ],
            [
                1.752450962339567
            ],
            [
                30.009437206580294
            ]
        ],
        [
            [
                -4.481098313814222
            ],
            [
                3.201859030474553
            ],
            [
                27.745370253236462
            ]
        ]
    ]
}